投稿日(推定),形式,企画,閲覧数,閲覧者(リーチ),平均再生(秒),動画尺(秒),フォロー,いいね,コメント,再投稿,保存,プロフアクセス,リンククリック,商品タップ,フォロワー%,フォロワー外%,コラボ
2026-09-02,リール,インナーの色どっちが綺麗？（ホワイト/グレージュ）,62609,45667,9,15,10,202,7,3,85,64,8,34,12.1,87.9,ichinose_kotona
2026-09-04,リール,明日の予定は？夫とデート/子供とデート,10780,8644,5,12,2,120,7,4,17,20,1,4,38.5,61.5,tamuchan_plus_size
2026-09-07,カルーセル,今から着られる秋アイテム5選,6437,3140,,,0,40,2,0,5,19,6,,94.7,5.3,
2026-09-09,リール,ぽっちゃり女子必見！気温別コーデ,29598,25120,4,11,0,112,1,2,15,34,5,19,9.8,90.2,ichinose_kotona
2026-09-11,リール,157cm86kg ゆるテーラードジャケット着回し3Days,5817,4175,5,14,1,61,1,0,7,19,3,1,47.0,53.0,yukaco_plussizemodel
2026-09-14,リール,試してみて この色合わせ垢抜けます,29136,25047,7,26,6,133,1,0,94,33,3,12,13.2,86.8,ichinose_kotona
2026-09-16,リール,ガーリースカート派？カジュアルパンツ派？,36538,30153,8,18,3,121,2,2,8,85,8,21,14.2,85.8,"ichinose_kotona, yukaco_plussizemodel"
2026-09-23,カルーセル,この色合わせ垢抜けます（カラー別）,9675,4681,,,0,46,0,1,13,24,2,,93.6,6.4,
2026-09-25,リール,【着こなし術】これだけは覚えて！,57961,38999,9,82,3,139,1,1,23,60,1,45,7.4,92.6,ichinose_kotona
2026-09-28,リール,webモデル×ことなちゃん チェックシャツで秋ムード,68898,49598,8,11,19,360,5,4,65,158,10,56,6.9,93.1,ichinose_kotona
2026-09-30,カルーセル,ぽっちゃりさんの着こなし術 いつものコーデがもっと可愛くなる,6607,3088,,,0,34,0,0,2,12,7,,95.2,4.8,
